{"conf_table": {"_type": "table-file", "sha256": "64d53b227faa1d9af28f0039b25e56adeb64e665247c693173315a44082c2d85", "size": 182, "artifact_path": "wandb-client-artifact://opy3wh6dgxoc4sadkfas368knzxxojew78oiu3d4ndfw2b6czcstj2v6apuxh5dq1wad713v1uj8srbxxw5q1po2vb4t74fst2cer7cgi2kra30i6zeqbuy45uhlpzsz:latest/conf_table.table.json", "_latest_artifact_path": "wandb-client-artifact://opy3wh6dgxoc4sadkfas368knzxxojew78oiu3d4ndfw2b6czcstj2v6apuxh5dq1wad713v1uj8srbxxw5q1po2vb4t74fst2cer7cgi2kra30i6zeqbuy45uhlpzsz:latest/conf_table.table.json", "path": "media/table/conf_table_33_64d53b227faa1d9af28f.table.json", "ncols": 3, "nrows": 4}, "_timestamp": 1669028896.4564662, "_runtime": 84.78473210334778, "_step": 35, "examples": {"_type": "table-file", "sha256": "91f6e347e7ecd02507aaae308eae951941a1290f1e97d62b6d4de16dc22ad454", "size": 1253, "artifact_path": "wandb-client-artifact://dwmikcpjz8bmejtjvd98fgg039fsntczxrb1jdae1awpmoxd4q87nkpm389cc9gwdukfy0jlacl0w43uo041tbe8kwhltpyngillbmqh3y1d46a1w9lojr0zdwlxj1c2:latest/examples.table.json", "_latest_artifact_path": "wandb-client-artifact://dwmikcpjz8bmejtjvd98fgg039fsntczxrb1jdae1awpmoxd4q87nkpm389cc9gwdukfy0jlacl0w43uo041tbe8kwhltpyngillbmqh3y1d46a1w9lojr0zdwlxj1c2:latest/examples.table.json", "path": "media/table/examples_34_91f6e347e7ecd02507aa.table.json", "ncols": 3, "nrows": 20}, "global_step": 133, "train/loss_step": 0.6145426630973816, "train/acc_step": 0.6875, "epoch": 0, "trainer/global_step": 133, "train/loss_epoch": 0.6138490438461304, "train/acc_epoch": 0.7038942575454712, "valid/loss_step/epoch_0": 0.497145414352417, "valid/loss_epoch": 0.6182645559310913, "valid/acc": 0.6912751793861389, "valid/precision_macro": 0.34563758969306946, "valid/recall_macro": 0.5, "valid/precision_micro": 0.6912751793861389, "valid/recall_micro": 0.6912751793861389, "valid/f1": 0.6912751793861389, "_wandb": {"runtime": 84}}