{"conf_table": {"_type": "table-file", "sha256": "64d53b227faa1d9af28f0039b25e56adeb64e665247c693173315a44082c2d85", "size": 182, "artifact_path": "wandb-client-artifact://tfv83i602qra7ve1d8m3llq84jxm3lva7oniqfqsnu335xx0qm6bpucfto3m21iy5vrn6yfeo96r3psrx9kxvjrbigxd4i1gski7cwpygea4jf1g7c35aaw555jw0ffx:latest/conf_table.table.json", "_latest_artifact_path": "wandb-client-artifact://tfv83i602qra7ve1d8m3llq84jxm3lva7oniqfqsnu335xx0qm6bpucfto3m21iy5vrn6yfeo96r3psrx9kxvjrbigxd4i1gski7cwpygea4jf1g7c35aaw555jw0ffx:latest/conf_table.table.json", "path": "media/table/conf_table_142_64d53b227faa1d9af28f.table.json", "ncols": 3, "nrows": 4}, "_timestamp": 1669094872.5818887, "_runtime": 258.13332772254944, "_step": 144, "examples": {"_type": "table-file", "sha256": "91f6e347e7ecd02507aaae308eae951941a1290f1e97d62b6d4de16dc22ad454", "size": 1253, "artifact_path": "wandb-client-artifact://fit3cs2u9jguae9d3xk9fy0stnv7kryeq2w3qbatugdh289oaliza30obilj4435t3u1m4739wo3011l1tefpdvbvrqmejbbb21sn0bpzg3iau0z3s6pjdps47knc4ty:latest/examples.table.json", "_latest_artifact_path": "wandb-client-artifact://fit3cs2u9jguae9d3xk9fy0stnv7kryeq2w3qbatugdh289oaliza30obilj4435t3u1m4739wo3011l1tefpdvbvrqmejbbb21sn0bpzg3iau0z3s6pjdps47knc4ty:latest/examples.table.json", "path": "media/table/examples_143_91f6e347e7ecd02507aa.table.json", "ncols": 3, "nrows": 20}, "global_step": 401, "train/loss_step": 0.5695546865463257, "train/acc_step": 0.75, "epoch": 2, "trainer/global_step": 401, "train/loss_epoch": 0.604588508605957, "train/acc_epoch": 0.7043620347976685, "valid/loss_step/epoch_0": 0.475053071975708, "valid/loss_epoch": 0.6186172366142273, "valid/acc": 0.6912751793861389, "valid/precision_macro": 0.34563758969306946, "valid/recall_macro": 0.5, "valid/precision_micro": 0.6912751793861389, "valid/recall_micro": 0.6912751793861389, "valid/f1": 0.6912751793861389, "valid/loss_step/epoch_1": 0.48450908064842224, "valid/loss_step/epoch_2": 0.47717636823654175, "_wandb": {"runtime": 257}}