{"conf_table": {"_type": "table-file", "sha256": "64d53b227faa1d9af28f0039b25e56adeb64e665247c693173315a44082c2d85", "size": 182, "artifact_path": "wandb-client-artifact://9rac4khzdhjol80xtdj8yiox7iccuvfu5k7u4lhtm0m5ir6buembwn5hxba1ua2ux7coyuyt0bikkxoa2edomfdy2kovyl2fjsa2wgiegmvvpe4ns792nlkbl2j6wbpe:latest/conf_table.table.json", "_latest_artifact_path": "wandb-client-artifact://9rac4khzdhjol80xtdj8yiox7iccuvfu5k7u4lhtm0m5ir6buembwn5hxba1ua2ux7coyuyt0bikkxoa2edomfdy2kovyl2fjsa2wgiegmvvpe4ns792nlkbl2j6wbpe:latest/conf_table.table.json", "path": "media/table/conf_table_46_64d53b227faa1d9af28f.table.json", "ncols": 3, "nrows": 4}, "_timestamp": 1669037416.7827618, "_runtime": 83.33884882926941, "_step": 48, "examples": {"_type": "table-file", "sha256": "91f6e347e7ecd02507aaae308eae951941a1290f1e97d62b6d4de16dc22ad454", "size": 1253, "artifact_path": "wandb-client-artifact://gnlfiou6bwtdkyp1uxig0itxtbvq9t93zs7si4xkw160xhbkl6jmjz0l9qg61p9mqfy3iwudvqnqfc5xskng65o01hrmv6cqqwddp04omn7vwes2ee7r233p5j27kc2f:latest/examples.table.json", "_latest_artifact_path": "wandb-client-artifact://gnlfiou6bwtdkyp1uxig0itxtbvq9t93zs7si4xkw160xhbkl6jmjz0l9qg61p9mqfy3iwudvqnqfc5xskng65o01hrmv6cqqwddp04omn7vwes2ee7r233p5j27kc2f:latest/examples.table.json", "path": "media/table/examples_47_91f6e347e7ecd02507aa.table.json", "ncols": 3, "nrows": 20}, "global_step": 133, "train/loss_step": 0.5550077557563782, "train/acc_step": 0.78125, "epoch": 0, "trainer/global_step": 133, "train/loss_epoch": 0.6250850558280945, "train/acc_epoch": 0.6814407706260681, "valid/loss_step/epoch_0": 0.4900219440460205, "valid/loss_epoch": 0.6163411140441895, "valid/acc": 0.6912751793861389, "valid/precision_macro": 0.34563758969306946, "valid/recall_macro": 0.5, "valid/precision_micro": 0.6912751793861389, "valid/recall_micro": 0.6912751793861389, "valid/f1": 0.6912751793861389, "_wandb": {"runtime": 83}}