{"conf_table": {"_type": "table-file", "sha256": "64d53b227faa1d9af28f0039b25e56adeb64e665247c693173315a44082c2d85", "size": 182, "artifact_path": "wandb-client-artifact://hsokx5tqxyopt061cdi07kel95jfufpz25zrc4p5jfvaez9ue5gvru0kth14edvk5pq0e4jost1ghfpioqsqg1ul9i1gtn7n29a8lcoew6wxeefhjholyasvg11kbgg3:latest/conf_table.table.json", "_latest_artifact_path": "wandb-client-artifact://hsokx5tqxyopt061cdi07kel95jfufpz25zrc4p5jfvaez9ue5gvru0kth14edvk5pq0e4jost1ghfpioqsqg1ul9i1gtn7n29a8lcoew6wxeefhjholyasvg11kbgg3:latest/conf_table.table.json", "path": "media/table/conf_table_33_64d53b227faa1d9af28f.table.json", "ncols": 3, "nrows": 4}, "_timestamp": 1669036044.1796238, "_runtime": 84.52300572395325, "_step": 35, "examples": {"_type": "table-file", "sha256": "91f6e347e7ecd02507aaae308eae951941a1290f1e97d62b6d4de16dc22ad454", "size": 1253, "artifact_path": "wandb-client-artifact://xouopw4x3y23nb9ysz59adtnuad7swo1ak4ty55y035n74pvgki71kr0166mtk57ewrp1bdsmzt6r9wk7ava128i2y7ow3l2z5198gogqoz4pjek6lms6pfbmopbjh6a:latest/examples.table.json", "_latest_artifact_path": "wandb-client-artifact://xouopw4x3y23nb9ysz59adtnuad7swo1ak4ty55y035n74pvgki71kr0166mtk57ewrp1bdsmzt6r9wk7ava128i2y7ow3l2z5198gogqoz4pjek6lms6pfbmopbjh6a:latest/examples.table.json", "path": "media/table/examples_34_91f6e347e7ecd02507aa.table.json", "ncols": 3, "nrows": 20}, "global_step": 133, "train/loss_step": 0.6799975633621216, "train/acc_step": 0.625, "epoch": 0, "trainer/global_step": 133, "train/loss_epoch": 0.6150928139686584, "train/acc_epoch": 0.7024909257888794, "valid/loss_step/epoch_0": 0.47890061140060425, "valid/loss_epoch": 0.6192560195922852, "valid/acc": 0.6912751793861389, "valid/precision_macro": 0.34563758969306946, "valid/recall_macro": 0.5, "valid/precision_micro": 0.6912751793861389, "valid/recall_micro": 0.6912751793861389, "valid/f1": 0.6912751793861389, "_wandb": {"runtime": 84}}