{"conf_table": {"_type": "table-file", "sha256": "64d53b227faa1d9af28f0039b25e56adeb64e665247c693173315a44082c2d85", "size": 182, "artifact_path": "wandb-client-artifact://ztoejilfakok2dndpnz9173le8jw6fdgynkegu1l0kw3rvy3i1v4vpihjp4zo4ni9aonn1z3tgghrqkuv6bbrpo254u6psjwd8atix1ft88202ld7sei5ft4lvoldx7e:latest/conf_table.table.json", "_latest_artifact_path": "wandb-client-artifact://ztoejilfakok2dndpnz9173le8jw6fdgynkegu1l0kw3rvy3i1v4vpihjp4zo4ni9aonn1z3tgghrqkuv6bbrpo254u6psjwd8atix1ft88202ld7sei5ft4lvoldx7e:latest/conf_table.table.json", "path": "media/table/conf_table_67_64d53b227faa1d9af28f.table.json", "ncols": 3, "nrows": 4}, "_timestamp": 1669031708.2196095, "_runtime": 166.03499841690063, "_step": 69, "examples": {"_type": "table-file", "sha256": "91f6e347e7ecd02507aaae308eae951941a1290f1e97d62b6d4de16dc22ad454", "size": 1253, "artifact_path": "wandb-client-artifact://g3xc0i17h29oqynk3nie4pdziui7zj8yfwc7xzpc7larqh5tu98wbzbn0kclzqdug7aownugnbwpjfnd3kwl5qkzt438ei4kjuxx9kgyhku0l2nd3rjhzi8p5lv7bh6r:latest/examples.table.json", "_latest_artifact_path": "wandb-client-artifact://g3xc0i17h29oqynk3nie4pdziui7zj8yfwc7xzpc7larqh5tu98wbzbn0kclzqdug7aownugnbwpjfnd3kwl5qkzt438ei4kjuxx9kgyhku0l2nd3rjhzi8p5lv7bh6r:latest/examples.table.json", "path": "media/table/examples_68_91f6e347e7ecd02507aa.table.json", "ncols": 3, "nrows": 20}, "global_step": 267, "train/loss_step": 0.6474581956863403, "train/acc_step": 0.65625, "epoch": 1, "trainer/global_step": 267, "train/loss_epoch": 0.6070739030838013, "train/acc_epoch": 0.7043620347976685, "valid/loss_step/epoch_0": 0.47710198163986206, "valid/loss_epoch": 0.6175997257232666, "valid/acc": 0.6912751793861389, "valid/precision_macro": 0.34563758969306946, "valid/recall_macro": 0.5, "valid/precision_micro": 0.6912751793861389, "valid/recall_micro": 0.6912751793861389, "valid/f1": 0.6912751793861389, "valid/loss_step/epoch_1": 0.48474130034446716, "_wandb": {"runtime": 165}}